-- Classes
SET IDENTITY_INSERT [dbo].[Classes] ON
INSERT INTO [dbo].[Classes] ([Id], [Level], [Location]) VALUES (1, 1, N'V')
INSERT INTO [dbo].[Classes] ([Id], [Level], [Location]) VALUES (2, 2, N'V')
INSERT INTO [dbo].[Classes] ([Id], [Level], [Location]) VALUES (3, 3, N'V')
INSERT INTO [dbo].[Classes] ([Id], [Level], [Location]) VALUES (4, 4, N'V')
INSERT INTO [dbo].[Classes] ([Id], [Level], [Location]) VALUES (5, 5, N'V')
INSERT INTO [dbo].[Classes] ([Id], [Level], [Location]) VALUES (6, 6, N'V')
INSERT INTO [dbo].[Classes] ([Id], [Level], [Location]) VALUES (7, 1, N'H')
INSERT INTO [dbo].[Classes] ([Id], [Level], [Location]) VALUES (8, 2, N'H')
INSERT INTO [dbo].[Classes] ([Id], [Level], [Location]) VALUES (9, 3, N'H')
INSERT INTO [dbo].[Classes] ([Id], [Level], [Location]) VALUES (10, 4, N'H')
INSERT INTO [dbo].[Classes] ([Id], [Level], [Location]) VALUES (11, 5, N'H')
INSERT INTO [dbo].[Classes] ([Id], [Level], [Location]) VALUES (12, 6, N'H')
SET IDENTITY_INSERT [dbo].[Classes] OFF

-- Periods
SET IDENTITY_INSERT [dbo].[Periods] ON
INSERT INTO [dbo].[Periods] ([Id], [Name], [NumberSwim], [NumberGym]) VALUES (3, N'Herfst', 0, 1)
INSERT INTO [dbo].[Periods] ([Id], [Name], [NumberSwim], [NumberGym]) VALUES (1, N'Kerstmis', 1, 2)
INSERT INTO [dbo].[Periods] ([Id], [Name], [NumberSwim], [NumberGym]) VALUES (4, N'Paasvakantie', 0, 3)
INSERT INTO [dbo].[Periods] ([Id], [Name], [NumberSwim], [NumberGym]) VALUES (2, N'Juni', 2, 4)
SET IDENTITY_INSERT [dbo].[Periods] OFF

-- Reports
SET IDENTITY_INSERT [dbo].[Reports] ON
INSERT INTO [dbo].[Reports] ([Id], [ReportType], [Level], [PeriodId]) VALUES (1, 1, 1, 1)
INSERT INTO [dbo].[Reports] ([Id], [ReportType], [Level], [PeriodId]) VALUES (2, 1, 1, 2)
INSERT INTO [dbo].[Reports] ([Id], [ReportType], [Level], [PeriodId]) VALUES (3, 1, 2, 1)
INSERT INTO [dbo].[Reports] ([Id], [ReportType], [Level], [PeriodId]) VALUES (4, 1, 2, 2)
INSERT INTO [dbo].[Reports] ([Id], [ReportType], [Level], [PeriodId]) VALUES (5, 1, 3, 1)
INSERT INTO [dbo].[Reports] ([Id], [ReportType], [Level], [PeriodId]) VALUES (6, 1, 3, 2)
INSERT INTO [dbo].[Reports] ([Id], [ReportType], [Level], [PeriodId]) VALUES (7, 1, 4, 1)
INSERT INTO [dbo].[Reports] ([Id], [ReportType], [Level], [PeriodId]) VALUES (8, 1, 4, 2)
INSERT INTO [dbo].[Reports] ([Id], [ReportType], [Level], [PeriodId]) VALUES (9, 1, 5, 1)
INSERT INTO [dbo].[Reports] ([Id], [ReportType], [Level], [PeriodId]) VALUES (10, 1, 5, 2)
INSERT INTO [dbo].[Reports] ([Id], [ReportType], [Level], [PeriodId]) VALUES (11, 1, 6, 1)
INSERT INTO [dbo].[Reports] ([Id], [ReportType], [Level], [PeriodId]) VALUES (12, 1, 6, 2)

INSERT INTO [dbo].[Reports] ([Id], [ReportType], [Level], [PeriodId]) VALUES (13, 2, 1, 1)
SET IDENTITY_INSERT [dbo].[Reports] OFF

-- TestGroups
SET IDENTITY_INSERT [dbo].[TestGroups] ON
INSERT INTO [dbo].[TestGroups] ([Id], [Name], [Report_Id]) VALUES (1, null, 1)
INSERT INTO [dbo].[TestGroups] ([Id], [Name], [Report_Id]) VALUES (2, null, 2)
INSERT INTO [dbo].[TestGroups] ([Id], [Name], [Report_Id]) VALUES (3, null, 3)
INSERT INTO [dbo].[TestGroups] ([Id], [Name], [Report_Id]) VALUES (4, null, 4)
INSERT INTO [dbo].[TestGroups] ([Id], [Name], [Report_Id]) VALUES (5, null, 5)
INSERT INTO [dbo].[TestGroups] ([Id], [Name], [Report_Id]) VALUES (6, null, 6)
INSERT INTO [dbo].[TestGroups] ([Id], [Name], [Report_Id]) VALUES (7, null, 7)
INSERT INTO [dbo].[TestGroups] ([Id], [Name], [Report_Id]) VALUES (8, null, 8)
INSERT INTO [dbo].[TestGroups] ([Id], [Name], [Report_Id]) VALUES (9, null, 9)
INSERT INTO [dbo].[TestGroups] ([Id], [Name], [Report_Id]) VALUES (10, null, 10)
INSERT INTO [dbo].[TestGroups] ([Id], [Name], [Report_Id]) VALUES (11, null, 11)
INSERT INTO [dbo].[TestGroups] ([Id], [Name], [Report_Id]) VALUES (12, null, 12)

INSERT INTO [dbo].[TestGroups] ([Id], [Name], [Report_Id]) VALUES (13, N'Bewegingsopvoeding vaardigheden', 13)
INSERT INTO [dbo].[TestGroups] ([Id], [Name], [Report_Id]) VALUES (14, N'Bewegingsopvoeding attitudes', 13)
SET IDENTITY_INSERT [dbo].[TestGroups] OFF

-- Tests
SET IDENTITY_INSERT [dbo].[Tests] ON
INSERT INTO [dbo].[Tests] ([Id], [Subject], [Theme], [ShowWasAbsent], [TestGroup_Id]) VALUES (1, null, null, 1, 1)
INSERT INTO [dbo].[Tests] ([Id], [Subject], [Theme], [ShowWasAbsent], [TestGroup_Id]) VALUES (2, null, null, 1, 2)
INSERT INTO [dbo].[Tests] ([Id], [Subject], [Theme], [ShowWasAbsent], [TestGroup_Id]) VALUES (3, null, null, 1, 3)
INSERT INTO [dbo].[Tests] ([Id], [Subject], [Theme], [ShowWasAbsent], [TestGroup_Id]) VALUES (4, null, null, 1, 4)
INSERT INTO [dbo].[Tests] ([Id], [Subject], [Theme], [ShowWasAbsent], [TestGroup_Id]) VALUES (5, null, null, 1, 5)
INSERT INTO [dbo].[Tests] ([Id], [Subject], [Theme], [ShowWasAbsent], [TestGroup_Id]) VALUES (6, null, null, 1, 6)
INSERT INTO [dbo].[Tests] ([Id], [Subject], [Theme], [ShowWasAbsent], [TestGroup_Id]) VALUES (7, null, null, 1, 7)
INSERT INTO [dbo].[Tests] ([Id], [Subject], [Theme], [ShowWasAbsent], [TestGroup_Id]) VALUES (8, null, null, 1, 8)
INSERT INTO [dbo].[Tests] ([Id], [Subject], [Theme], [ShowWasAbsent], [TestGroup_Id]) VALUES (9, null, null, 1, 9)
INSERT INTO [dbo].[Tests] ([Id], [Subject], [Theme], [ShowWasAbsent], [TestGroup_Id]) VALUES (10, null, null, 1, 10)
INSERT INTO [dbo].[Tests] ([Id], [Subject], [Theme], [ShowWasAbsent], [TestGroup_Id]) VALUES (11, null, null, 1, 11)
INSERT INTO [dbo].[Tests] ([Id], [Subject], [Theme], [ShowWasAbsent], [TestGroup_Id]) VALUES (12, null, null, 1, 12)

INSERT INTO [dbo].[Tests] ([Id], [Subject], [Theme], [ShowWasAbsent], [TestGroup_Id]) VALUES (13, N'Balvaardigheid', N'basketbal:lay-up', 1, 13)
INSERT INTO [dbo].[Tests] ([Id], [Subject], [Theme], [ShowWasAbsent], [TestGroup_Id]) VALUES (14, N'Bewegingskunsten (turnvaardigheden)', N'test', 1, 13)
INSERT INTO [dbo].[Tests] ([Id], [Subject], [Theme], [ShowWasAbsent], [TestGroup_Id]) VALUES (15, null, null, 0, 14)
SET IDENTITY_INSERT [dbo].[Tests] OFF

-- Questions
SET IDENTITY_INSERT [dbo].[Questions] ON
INSERT INTO [dbo].[Questions] ([Id], [Text], [Test_Id]) VALUES (1, N'ik durf in het water te springen', 1)
INSERT INTO [dbo].[Questions] ([Id], [Text], [Test_Id]) VALUES (2, N'ik kan veel bellen blazen onder water ', 1)
INSERT INTO [dbo].[Questions] ([Id], [Text], [Test_Id]) VALUES (3, N'ik kan 5 tellen drijven op mijn buik', 1)
INSERT INTO [dbo].[Questions] ([Id], [Text], [Test_Id]) VALUES (4, N'ik voel me als een vis in het water: ik spring in het water, blaas bellen door mijn neus en kan drijven', 2)
INSERT INTO [dbo].[Questions] ([Id], [Text], [Test_Id]) VALUES (5, N'ik kan de beenbeweging schoolslag met kapstokvoeten zwemmen', 2)
INSERT INTO [dbo].[Questions] ([Id], [Text], [Test_Id]) VALUES (6, N'ik kan een lengte schoolslag zwemmen zonder voeten aan de grond te zetten', 2)
INSERT INTO [dbo].[Questions] ([Id], [Text], [Test_Id]) VALUES (7, N'ik voel me als een vis in het water: ik spring in het water, blaas bellen door mijn neus en kan drijven op mijn buik én op mijn rug', 3)
INSERT INTO [dbo].[Questions] ([Id], [Text], [Test_Id]) VALUES (8, N'ik kan de beenbeweging schoolslag zwemmen met een krachtige beenbeweging', 3)
INSERT INTO [dbo].[Questions] ([Id], [Text], [Test_Id]) VALUES (9, N'ik kan een lengte schoolslag zwemmen zonder voeten aan de grond te zetten', 3)
INSERT INTO [dbo].[Questions] ([Id], [Text], [Test_Id]) VALUES (10, N'ik kan de beenbeweging schoolslag zwemmen met mijn hoofd diep in het water en ik blaas veel belletjes', 4)
INSERT INTO [dbo].[Questions] ([Id], [Text], [Test_Id]) VALUES (11, N'ik zwem als volgt: “ademen, hoofd diep, benen én drijven.”', 4)
INSERT INTO [dbo].[Questions] ([Id], [Text], [Test_Id]) VALUES (12, N'ik kan een volledige lengte schoolslag zwemmen waarbij mijn armen een voorsprong hebben op mijn benen', 4)
INSERT INTO [dbo].[Questions] ([Id], [Text], [Test_Id]) VALUES (13, N'ik kan de “kleine armbeweging” bij schoolslag zwemmen', 5)
INSERT INTO [dbo].[Questions] ([Id], [Text], [Test_Id]) VALUES (14, N'ik zwem als volgt: “ademen, hoofd diep, benen én drijven.”', 5)
INSERT INTO [dbo].[Questions] ([Id], [Text], [Test_Id]) VALUES (15, N'ik kan een volledige lengte schoolslag zwemmen waarbij mijn armen een voorsprong hebben op de benen. Onder water blaas ik veel belletjes', 5)
INSERT INTO [dbo].[Questions] ([Id], [Text], [Test_Id]) VALUES (16, N'ik kan de beenbeweging schoolslag op de rug zwemmen', 6)
INSERT INTO [dbo].[Questions] ([Id], [Text], [Test_Id]) VALUES (17, N'ik kan de “kleine armbeweging” bij schoolslag zwemmen én ik kom ademhalen als de armen vertrekken', 6)
INSERT INTO [dbo].[Questions] ([Id], [Text], [Test_Id]) VALUES (18, N'ik zwem een volledige lengte schoolslag met de juiste coördinatie. Dit wil zeggen: “Armen én ademhaling, beenbeweging én drijven.”', 6)
INSERT INTO [dbo].[Questions] ([Id], [Text], [Test_Id]) VALUES (19, N'ik kan de “kleine armbeweging” bij schoolslag zwemmen én ik kom ademhalen als de armen vertrekken', 7)
INSERT INTO [dbo].[Questions] ([Id], [Text], [Test_Id]) VALUES (20, N'ik zwem een volledige lengte schoolslag waarbij de armen een voorsprong hebben op de benen', 7)
INSERT INTO [dbo].[Questions] ([Id], [Text], [Test_Id]) VALUES (21, N'ik zwem een volledige lengte schoolslag met de juiste coördinatie. Dit wil zeggen: “kleine armen én ademhaling, inzet van de benen bij het terugkeren van de armen én drijven.”', 7)
INSERT INTO [dbo].[Questions] ([Id], [Text], [Test_Id]) VALUES (22, N'ik kan de beenbeweging crawl zwemmen zonder ter plaatse te blijven trappelen', 8)
INSERT INTO [dbo].[Questions] ([Id], [Text], [Test_Id]) VALUES (23, N'ik kan een lengte in het diepe zwembad zwemmen', 8)
INSERT INTO [dbo].[Questions] ([Id], [Text], [Test_Id]) VALUES (24, N'ik zwem op zijn minst 2 lengtes schoolslag met de juiste coördinatie. Dit wil zeggen: “kleine armen én ademhaling, inzet van de benen bij het terugkeren van de armen én drijven.”', 8)
INSERT INTO [dbo].[Questions] ([Id], [Text], [Test_Id]) VALUES (25, N'ik kan op zijn minst 2 lengtes schoolslag in het diepe bad zwemmen', 9)
INSERT INTO [dbo].[Questions] ([Id], [Text], [Test_Id]) VALUES (26, N'ik zwem de beenbeweging crawl op de buik én op de rug', 9)
INSERT INTO [dbo].[Questions] ([Id], [Text], [Test_Id]) VALUES (27, N'ik kom zijwaarts ademen bij het crawl zwemmen met 1 arm en een plankje', 9)
INSERT INTO [dbo].[Questions] ([Id], [Text], [Test_Id]) VALUES (28, N'ik kom zijwaarts ademen bij het crawl zwemmen langs beide kanten met een blokje', 10)
INSERT INTO [dbo].[Questions] ([Id], [Text], [Test_Id]) VALUES (29, N'ik kan duiken in het water zonder op mijn buik te landen', 10)
INSERT INTO [dbo].[Questions] ([Id], [Text], [Test_Id]) VALUES (30, N'ik behaalde het brevet dat ik voor ogen had', 10)
INSERT INTO [dbo].[Questions] ([Id], [Text], [Test_Id]) VALUES (31, N'ik kan op zijn minst twee lengtes schoolslag zwemmen zonder moe te worden', 11)
INSERT INTO [dbo].[Questions] ([Id], [Text], [Test_Id]) VALUES (32, N'ik zwem 1 lengte crawl (afslag) zwemmen', 11)
INSERT INTO [dbo].[Questions] ([Id], [Text], [Test_Id]) VALUES (33, N'ik kan in het water duiken van op een verhoogde rand ', 11)
INSERT INTO [dbo].[Questions] ([Id], [Text], [Test_Id]) VALUES (34, N'ik zwem 1 lengte crawl waarbij ik om de 3 slagen kom ademen', 12)
INSERT INTO [dbo].[Questions] ([Id], [Text], [Test_Id]) VALUES (35, N'ik kan deze lengte crawl zwemmen zonder moe te worden', 12)
INSERT INTO [dbo].[Questions] ([Id], [Text], [Test_Id]) VALUES (36, N'ik behaalde het brevet dat ik voor ogen had', 12)

INSERT INTO [dbo].[Questions] ([Id], [Text], [Test_Id]) VALUES (37, N'ik kan dribbelen met de bal', 13)
INSERT INTO [dbo].[Questions] ([Id], [Text], [Test_Id]) VALUES (38, N'ik kan scoren in de ring', 13)
INSERT INTO [dbo].[Questions] ([Id], [Text], [Test_Id]) VALUES (39, N'ik kan de bal afpakken', 13)
INSERT INTO [dbo].[Questions] ([Id], [Text], [Test_Id]) VALUES (40, N'ik kan 10s in handstand staan', 14)
INSERT INTO [dbo].[Questions] ([Id], [Text], [Test_Id]) VALUES (41, N'ik kan zonder muur in handstand staan', 14)
INSERT INTO [dbo].[Questions] ([Id], [Text], [Test_Id]) VALUES (42, N'in orde zijn met turnkledij, attesten en briefwisseling', 15)
INSERT INTO [dbo].[Questions] ([Id], [Text], [Test_Id]) VALUES (43, N'afspraken, werkgewoonten en spelregels naleven', 15)
INSERT INTO [dbo].[Questions] ([Id], [Text], [Test_Id]) VALUES (44, N'in teamverband werken en spelen', 15)
SET IDENTITY_INSERT [dbo].[Questions] OFF

-- Students
SET IDENTITY_INSERT [dbo].[Students] ON
INSERT INTO [dbo].[Students] ([Id], [LastName], [FirstName]) VALUES (1, N'Bonnevalle', N'Wies')
INSERT INTO [dbo].[Students] ([Id], [LastName], [FirstName]) VALUES (2, N'Borgermans', N'Niels')
INSERT INTO [dbo].[Students] ([Id], [LastName], [FirstName]) VALUES (3, N'Boujemaoui', N'Mohammed')
INSERT INTO [dbo].[Students] ([Id], [LastName], [FirstName]) VALUES (4, N'De Mot', N'Mauro')
INSERT INTO [dbo].[Students] ([Id], [LastName], [FirstName]) VALUES (5, N'Erden', N'Hanne')
INSERT INTO [dbo].[Students] ([Id], [LastName], [FirstName]) VALUES (6, N'Hageman', N'Apollo')
INSERT INTO [dbo].[Students] ([Id], [LastName], [FirstName]) VALUES (7, N'Meijer', N'Marie-louise')
INSERT INTO [dbo].[Students] ([Id], [LastName], [FirstName]) VALUES (8, N'Nahon', N'Siegfried')
INSERT INTO [dbo].[Students] ([Id], [LastName], [FirstName]) VALUES (9, N'Podanowska', N'Nikola')
INSERT INTO [dbo].[Students] ([Id], [LastName], [FirstName]) VALUES (10, N'Sak', N'Sebastian')
INSERT INTO [dbo].[Students] ([Id], [LastName], [FirstName]) VALUES (11, N'Saker', N'Abdel-Moeen')
INSERT INTO [dbo].[Students] ([Id], [LastName], [FirstName]) VALUES (12, N'Silaqa', N'Alan')
INSERT INTO [dbo].[Students] ([Id], [LastName], [FirstName]) VALUES (13, N'Spaepen', N'Jorunn')
INSERT INTO [dbo].[Students] ([Id], [LastName], [FirstName]) VALUES (14, N'Symons', N'Finn')
INSERT INTO [dbo].[Students] ([Id], [LastName], [FirstName]) VALUES (15, N'Badea', N'Tara')
INSERT INTO [dbo].[Students] ([Id], [LastName], [FirstName]) VALUES (16, N'Cascella', N'Ayla')
INSERT INTO [dbo].[Students] ([Id], [LastName], [FirstName]) VALUES (17, N'Guiot', N'Bjorn')
INSERT INTO [dbo].[Students] ([Id], [LastName], [FirstName]) VALUES (18, N'Jafar', N'Rochin')
INSERT INTO [dbo].[Students] ([Id], [LastName], [FirstName]) VALUES (19, N'Kim', N'Yong-Hoon')
INSERT INTO [dbo].[Students] ([Id], [LastName], [FirstName]) VALUES (20, N'Panford', N'Delicia')
INSERT INTO [dbo].[Students] ([Id], [LastName], [FirstName]) VALUES (21, N'Porowski', N'Patryk')
INSERT INTO [dbo].[Students] ([Id], [LastName], [FirstName]) VALUES (22, N'Rashidi Nejad', N'Artan')
INSERT INTO [dbo].[Students] ([Id], [LastName], [FirstName]) VALUES (23, N'Ruttens', N'Rayna')
INSERT INTO [dbo].[Students] ([Id], [LastName], [FirstName]) VALUES (24, N'Shehrama', N'Engjell')
INSERT INTO [dbo].[Students] ([Id], [LastName], [FirstName]) VALUES (25, N'Tratsaert', N'Mathis')
INSERT INTO [dbo].[Students] ([Id], [LastName], [FirstName]) VALUES (26, N'Bonhomme Heremans', N'Faunie')
INSERT INTO [dbo].[Students] ([Id], [LastName], [FirstName]) VALUES (27, N'Bonnevalle', N'Otto')
INSERT INTO [dbo].[Students] ([Id], [LastName], [FirstName]) VALUES (28, N'Bruggemans', N'Kobe')
INSERT INTO [dbo].[Students] ([Id], [LastName], [FirstName]) VALUES (29, N'El Yousfi', N'Soheil')
INSERT INTO [dbo].[Students] ([Id], [LastName], [FirstName]) VALUES (30, N'Erden', N'Emma')
INSERT INTO [dbo].[Students] ([Id], [LastName], [FirstName]) VALUES (31, N'Jafar', N'Hassan')
INSERT INTO [dbo].[Students] ([Id], [LastName], [FirstName]) VALUES (32, N'Loomans', N'Lerris')
INSERT INTO [dbo].[Students] ([Id], [LastName], [FirstName]) VALUES (33, N'Mihaylova', N'Tsvetelina')
INSERT INTO [dbo].[Students] ([Id], [LastName], [FirstName]) VALUES (34, N'Minner-Goossens', N'Mathias')
INSERT INTO [dbo].[Students] ([Id], [LastName], [FirstName]) VALUES (35, N'Rummens', N'Danila')
INSERT INTO [dbo].[Students] ([Id], [LastName], [FirstName]) VALUES (36, N'Thys', N'Robyn')
INSERT INTO [dbo].[Students] ([Id], [LastName], [FirstName]) VALUES (37, N'Vandevelde', N'Seppe')
INSERT INTO [dbo].[Students] ([Id], [LastName], [FirstName]) VALUES (38, N'Van Volsem', N'Branko')
INSERT INTO [dbo].[Students] ([Id], [LastName], [FirstName]) VALUES (39, N'Al Mahmoudi', N'Anas')
INSERT INTO [dbo].[Students] ([Id], [LastName], [FirstName]) VALUES (40, N'Bonhomme Heremans', N'Faubert')
INSERT INTO [dbo].[Students] ([Id], [LastName], [FirstName]) VALUES (41, N'Boone', N'Elias')
INSERT INTO [dbo].[Students] ([Id], [LastName], [FirstName]) VALUES (42, N'De Mot', N'Lou')
INSERT INTO [dbo].[Students] ([Id], [LastName], [FirstName]) VALUES (43, N'Guiot', N'Tim')
INSERT INTO [dbo].[Students] ([Id], [LastName], [FirstName]) VALUES (44, N'Ho Nguyen', N'Tuyet ngoe')
INSERT INTO [dbo].[Students] ([Id], [LastName], [FirstName]) VALUES (45, N'Ilgazoglu', N'Atina')
INSERT INTO [dbo].[Students] ([Id], [LastName], [FirstName]) VALUES (46, N'Jonckheere', N'Senne')
INSERT INTO [dbo].[Students] ([Id], [LastName], [FirstName]) VALUES (47, N'Miranda Estevez', N'Laura')
INSERT INTO [dbo].[Students] ([Id], [LastName], [FirstName]) VALUES (48, N'Pour Karim', N'Alireza')
INSERT INTO [dbo].[Students] ([Id], [LastName], [FirstName]) VALUES (49, N'Ruttens', N'Ravi')
INSERT INTO [dbo].[Students] ([Id], [LastName], [FirstName]) VALUES (50, N'Thielemans', N'Ymke')
INSERT INTO [dbo].[Students] ([Id], [LastName], [FirstName]) VALUES (51, N'Van Baelen', N'Zanna')
INSERT INTO [dbo].[Students] ([Id], [LastName], [FirstName]) VALUES (52, N'Vansina', N'Pieterjan')
INSERT INTO [dbo].[Students] ([Id], [LastName], [FirstName]) VALUES (53, N'Boone', N'Alexis')
INSERT INTO [dbo].[Students] ([Id], [LastName], [FirstName]) VALUES (54, N'Bruggemans', N'Jesse')
INSERT INTO [dbo].[Students] ([Id], [LastName], [FirstName]) VALUES (55, N'Hageman', N'Max')
INSERT INTO [dbo].[Students] ([Id], [LastName], [FirstName]) VALUES (56, N'Kim', N'Aileen Yong Won')
INSERT INTO [dbo].[Students] ([Id], [LastName], [FirstName]) VALUES (57, N'Tratsaert', N'Miro')
INSERT INTO [dbo].[Students] ([Id], [LastName], [FirstName]) VALUES (58, N'Vandeput', N'Vic')
INSERT INTO [dbo].[Students] ([Id], [LastName], [FirstName]) VALUES (59, N'De Coster', N'Noah')
INSERT INTO [dbo].[Students] ([Id], [LastName], [FirstName]) VALUES (60, N'Eembeek', N'Kiara')
INSERT INTO [dbo].[Students] ([Id], [LastName], [FirstName]) VALUES (61, N'Hakelbracht', N'Luka')
INSERT INTO [dbo].[Students] ([Id], [LastName], [FirstName]) VALUES (62, N'Jonckheere', N'Arne')
INSERT INTO [dbo].[Students] ([Id], [LastName], [FirstName]) VALUES (63, N'Kim', N'Yong Wook')
INSERT INTO [dbo].[Students] ([Id], [LastName], [FirstName]) VALUES (64, N'Rummens', N'Alessandro')
INSERT INTO [dbo].[Students] ([Id], [LastName], [FirstName]) VALUES (65, N'Ruttens', N'Moyra')
INSERT INTO [dbo].[Students] ([Id], [LastName], [FirstName]) VALUES (66, N'Vandeput', N'Ayla')
INSERT INTO [dbo].[Students] ([Id], [LastName], [FirstName]) VALUES (67, N'Van Dyck', N'Ilona')
INSERT INTO [dbo].[Students] ([Id], [LastName], [FirstName]) VALUES (68, N'Van Volsem', N'Ginkgo')
INSERT INTO [dbo].[Students] ([Id], [LastName], [FirstName]) VALUES (69, N'Akhouti', N'Sofian')
INSERT INTO [dbo].[Students] ([Id], [LastName], [FirstName]) VALUES (70, N'Beker', N'Emil')
INSERT INTO [dbo].[Students] ([Id], [LastName], [FirstName]) VALUES (71, N'Bormans', N'Marco')
INSERT INTO [dbo].[Students] ([Id], [LastName], [FirstName]) VALUES (72, N'Buyle', N'Achiel')
INSERT INTO [dbo].[Students] ([Id], [LastName], [FirstName]) VALUES (73, N'Dauchy', N'Aïsha')
INSERT INTO [dbo].[Students] ([Id], [LastName], [FirstName]) VALUES (74, N'Delvaux', N'Matts')
INSERT INTO [dbo].[Students] ([Id], [LastName], [FirstName]) VALUES (75, N'Denolf', N'Enya')
INSERT INTO [dbo].[Students] ([Id], [LastName], [FirstName]) VALUES (76, N'Eelen', N'Rik')
INSERT INTO [dbo].[Students] ([Id], [LastName], [FirstName]) VALUES (77, N'Lamberts', N'Leul')
INSERT INTO [dbo].[Students] ([Id], [LastName], [FirstName]) VALUES (78, N'Lapinska', N'Sandra')
INSERT INTO [dbo].[Students] ([Id], [LastName], [FirstName]) VALUES (79, N'Lespagnard', N'Yann')
INSERT INTO [dbo].[Students] ([Id], [LastName], [FirstName]) VALUES (80, N'Maes', N'Luna')
INSERT INTO [dbo].[Students] ([Id], [LastName], [FirstName]) VALUES (81, N'Mataiche', N'Ines')
INSERT INTO [dbo].[Students] ([Id], [LastName], [FirstName]) VALUES (82, N'November', N'Floor')
INSERT INTO [dbo].[Students] ([Id], [LastName], [FirstName]) VALUES (83, N'Poels', N'Mona')
INSERT INTO [dbo].[Students] ([Id], [LastName], [FirstName]) VALUES (84, N'Teetaert', N'Stien')
INSERT INTO [dbo].[Students] ([Id], [LastName], [FirstName]) VALUES (85, N'Tegenbos', N'Kore')
INSERT INTO [dbo].[Students] ([Id], [LastName], [FirstName]) VALUES (86, N'Vanden Berghe', N'Lars')
INSERT INTO [dbo].[Students] ([Id], [LastName], [FirstName]) VALUES (87, N'Vangrunderbeek', N'Viktor')
INSERT INTO [dbo].[Students] ([Id], [LastName], [FirstName]) VALUES (88, N'Van Nes', N'Loïs')
INSERT INTO [dbo].[Students] ([Id], [LastName], [FirstName]) VALUES (89, N'Van Wezemael', N'Lucca')
INSERT INTO [dbo].[Students] ([Id], [LastName], [FirstName]) VALUES (90, N'Vercammen', N'Kasper')
INSERT INTO [dbo].[Students] ([Id], [LastName], [FirstName]) VALUES (91, N'Verkest', N'Bo')
INSERT INTO [dbo].[Students] ([Id], [LastName], [FirstName]) VALUES (92, N'von Winckelmann', N'Sten')
INSERT INTO [dbo].[Students] ([Id], [LastName], [FirstName]) VALUES (93, N'Walravens', N'Lieselot')
INSERT INTO [dbo].[Students] ([Id], [LastName], [FirstName]) VALUES (94, N'Amouzou', N'Eline')
INSERT INTO [dbo].[Students] ([Id], [LastName], [FirstName]) VALUES (95, N'Bastiaensen', N'Robbert')
INSERT INTO [dbo].[Students] ([Id], [LastName], [FirstName]) VALUES (96, N'Bayen', N'Luna')
INSERT INTO [dbo].[Students] ([Id], [LastName], [FirstName]) VALUES (97, N'Bormans', N'André')
INSERT INTO [dbo].[Students] ([Id], [LastName], [FirstName]) VALUES (98, N'Botten', N'Thomas')
INSERT INTO [dbo].[Students] ([Id], [LastName], [FirstName]) VALUES (99, N'Coppens', N'Lili')
INSERT INTO [dbo].[Students] ([Id], [LastName], [FirstName]) VALUES (100, N'Croes', N'Danika')
INSERT INTO [dbo].[Students] ([Id], [LastName], [FirstName]) VALUES (101, N'Darius', N'Gabriela')
INSERT INTO [dbo].[Students] ([Id], [LastName], [FirstName]) VALUES (102, N'Delvaux', N'Tibe')
INSERT INTO [dbo].[Students] ([Id], [LastName], [FirstName]) VALUES (103, N'Di Pietro', N'Dario')
INSERT INTO [dbo].[Students] ([Id], [LastName], [FirstName]) VALUES (104, N'Donnelly', N'Fintan')
INSERT INTO [dbo].[Students] ([Id], [LastName], [FirstName]) VALUES (105, N'Druyts', N'Corneel')
INSERT INTO [dbo].[Students] ([Id], [LastName], [FirstName]) VALUES (106, N'Ghoos', N'Noah')
INSERT INTO [dbo].[Students] ([Id], [LastName], [FirstName]) VALUES (107, N'Hons', N'Emma')
INSERT INTO [dbo].[Students] ([Id], [LastName], [FirstName]) VALUES (108, N'Hoskens', N'Lucas')
INSERT INTO [dbo].[Students] ([Id], [LastName], [FirstName]) VALUES (109, N'Houssein Ainan', N'Sarah')
INSERT INTO [dbo].[Students] ([Id], [LastName], [FirstName]) VALUES (110, N'Makttabi', N'Ramzi')
INSERT INTO [dbo].[Students] ([Id], [LastName], [FirstName]) VALUES (111, N'Nakatani (Van Leeuwen)', N'Niki')
INSERT INTO [dbo].[Students] ([Id], [LastName], [FirstName]) VALUES (112, N'Piessens', N'Lien')
INSERT INTO [dbo].[Students] ([Id], [LastName], [FirstName]) VALUES (113, N'Spoormakers', N'Jelle')
INSERT INTO [dbo].[Students] ([Id], [LastName], [FirstName]) VALUES (114, N'Temmerman', N'Loes')
INSERT INTO [dbo].[Students] ([Id], [LastName], [FirstName]) VALUES (115, N'Van Damme', N'Jits')
INSERT INTO [dbo].[Students] ([Id], [LastName], [FirstName]) VALUES (116, N'Vanderheyden', N'Imana')
INSERT INTO [dbo].[Students] ([Id], [LastName], [FirstName]) VALUES (117, N'Van Gyes', N'Luka')
INSERT INTO [dbo].[Students] ([Id], [LastName], [FirstName]) VALUES (118, N'Vanhoof', N'Isis')
INSERT INTO [dbo].[Students] ([Id], [LastName], [FirstName]) VALUES (119, N'Verschuure', N'Marlies')
INSERT INTO [dbo].[Students] ([Id], [LastName], [FirstName]) VALUES (120, N'Akhouti', N'Genoveva')
INSERT INTO [dbo].[Students] ([Id], [LastName], [FirstName]) VALUES (121, N'Baert', N'Iwan')
INSERT INTO [dbo].[Students] ([Id], [LastName], [FirstName]) VALUES (122, N'Butera', N'Chiara')
INSERT INTO [dbo].[Students] ([Id], [LastName], [FirstName]) VALUES (123, N'De Wilde', N'Sander')
INSERT INTO [dbo].[Students] ([Id], [LastName], [FirstName]) VALUES (124, N'Geeroms', N'Lukas')
INSERT INTO [dbo].[Students] ([Id], [LastName], [FirstName]) VALUES (125, N'Goethals', N'Sander')
INSERT INTO [dbo].[Students] ([Id], [LastName], [FirstName]) VALUES (126, N'Hegemann', N'Corneel')
INSERT INTO [dbo].[Students] ([Id], [LastName], [FirstName]) VALUES (127, N'Huysman', N'Wolf')
INSERT INTO [dbo].[Students] ([Id], [LastName], [FirstName]) VALUES (128, N'Krawczenko', N'Magdalena')
INSERT INTO [dbo].[Students] ([Id], [LastName], [FirstName]) VALUES (129, N'Mahmoudi', N'Nora')
INSERT INTO [dbo].[Students] ([Id], [LastName], [FirstName]) VALUES (130, N'Merveillie', N'Nils')
INSERT INTO [dbo].[Students] ([Id], [LastName], [FirstName]) VALUES (131, N'Michiels', N'Linde')
INSERT INTO [dbo].[Students] ([Id], [LastName], [FirstName]) VALUES (132, N'Pycke', N'Ciska')
INSERT INTO [dbo].[Students] ([Id], [LastName], [FirstName]) VALUES (133, N'Randjandiche', N'Simon')
INSERT INTO [dbo].[Students] ([Id], [LastName], [FirstName]) VALUES (134, N'Roosens', N'Fran')
INSERT INTO [dbo].[Students] ([Id], [LastName], [FirstName]) VALUES (135, N'Stevens', N'Nicolas')
INSERT INTO [dbo].[Students] ([Id], [LastName], [FirstName]) VALUES (136, N'Terwel', N'Ferdinand')
INSERT INTO [dbo].[Students] ([Id], [LastName], [FirstName]) VALUES (137, N'Trabelsi', N'Mylène')
INSERT INTO [dbo].[Students] ([Id], [LastName], [FirstName]) VALUES (138, N'van Nes', N'Elisabeth')
INSERT INTO [dbo].[Students] ([Id], [LastName], [FirstName]) VALUES (139, N'Aerts', N'Malika')
INSERT INTO [dbo].[Students] ([Id], [LastName], [FirstName]) VALUES (140, N'Bogaerts', N'Stein')
INSERT INTO [dbo].[Students] ([Id], [LastName], [FirstName]) VALUES (141, N'Cools', N'Jade')
INSERT INTO [dbo].[Students] ([Id], [LastName], [FirstName]) VALUES (142, N'Cop', N'Norine')
INSERT INTO [dbo].[Students] ([Id], [LastName], [FirstName]) VALUES (143, N'Di Pietro', N'Alessio')
INSERT INTO [dbo].[Students] ([Id], [LastName], [FirstName]) VALUES (144, N'Eelen', N'Fien')
INSERT INTO [dbo].[Students] ([Id], [LastName], [FirstName]) VALUES (145, N'Fernandez Fernandez', N'José')
INSERT INTO [dbo].[Students] ([Id], [LastName], [FirstName]) VALUES (146, N'Ghoos', N'Ayko')
INSERT INTO [dbo].[Students] ([Id], [LastName], [FirstName]) VALUES (147, N'Goris', N'Frank')
INSERT INTO [dbo].[Students] ([Id], [LastName], [FirstName]) VALUES (148, N'Hons', N'Simon')
INSERT INTO [dbo].[Students] ([Id], [LastName], [FirstName]) VALUES (149, N'Houssein Ainan', N'Myriam')
INSERT INTO [dbo].[Students] ([Id], [LastName], [FirstName]) VALUES (150, N'John', N'Helena')
INSERT INTO [dbo].[Students] ([Id], [LastName], [FirstName]) VALUES (151, N'Lemmens', N'Femke')
INSERT INTO [dbo].[Students] ([Id], [LastName], [FirstName]) VALUES (152, N'Majeed', N'Sara')
INSERT INTO [dbo].[Students] ([Id], [LastName], [FirstName]) VALUES (153, N'Marynissen', N'Kobe')
INSERT INTO [dbo].[Students] ([Id], [LastName], [FirstName]) VALUES (154, N'Pauwels', N'Lan')
INSERT INTO [dbo].[Students] ([Id], [LastName], [FirstName]) VALUES (155, N'Piessens', N'Wout')
INSERT INTO [dbo].[Students] ([Id], [LastName], [FirstName]) VALUES (156, N'Poels', N'Aaron')
INSERT INTO [dbo].[Students] ([Id], [LastName], [FirstName]) VALUES (157, N'Roukaerts', N'Nora')
INSERT INTO [dbo].[Students] ([Id], [LastName], [FirstName]) VALUES (158, N'Spoormakers', N'Lotte')
INSERT INTO [dbo].[Students] ([Id], [LastName], [FirstName]) VALUES (159, N'Stevens', N'Helena')
INSERT INTO [dbo].[Students] ([Id], [LastName], [FirstName]) VALUES (160, N'Vangrunderbeek', N'Emma')
INSERT INTO [dbo].[Students] ([Id], [LastName], [FirstName]) VALUES (161, N'Verkest', N'Janne')
INSERT INTO [dbo].[Students] ([Id], [LastName], [FirstName]) VALUES (162, N'Vranckx', N'Maayke')
INSERT INTO [dbo].[Students] ([Id], [LastName], [FirstName]) VALUES (163, N'Vranckx', N'Tannekin')
INSERT INTO [dbo].[Students] ([Id], [LastName], [FirstName]) VALUES (164, N'Wouters', N'Sien')
INSERT INTO [dbo].[Students] ([Id], [LastName], [FirstName]) VALUES (165, N'Baert', N'Dieter')
INSERT INTO [dbo].[Students] ([Id], [LastName], [FirstName]) VALUES (166, N'Beaucarne', N'Mathieu')
INSERT INTO [dbo].[Students] ([Id], [LastName], [FirstName]) VALUES (167, N'Cools', N'Eden')
INSERT INTO [dbo].[Students] ([Id], [LastName], [FirstName]) VALUES (168, N'Dauchy', N'Pieter')
INSERT INTO [dbo].[Students] ([Id], [LastName], [FirstName]) VALUES (169, N'De Wilde', N'Noa')
INSERT INTO [dbo].[Students] ([Id], [LastName], [FirstName]) VALUES (170, N'Dondeyne', N'Noa')
INSERT INTO [dbo].[Students] ([Id], [LastName], [FirstName]) VALUES (171, N'Geeroms', N'Thijs')
INSERT INTO [dbo].[Students] ([Id], [LastName], [FirstName]) VALUES (172, N'Gordts', N'Julie')
INSERT INTO [dbo].[Students] ([Id], [LastName], [FirstName]) VALUES (173, N'Houssein Ainan', N'Libert')
INSERT INTO [dbo].[Students] ([Id], [LastName], [FirstName]) VALUES (174, N'Maes', N'Emelie')
INSERT INTO [dbo].[Students] ([Id], [LastName], [FirstName]) VALUES (175, N'Mahmoudi', N'Sara')
INSERT INTO [dbo].[Students] ([Id], [LastName], [FirstName]) VALUES (176, N'Niclaes', N'Laurien')
INSERT INTO [dbo].[Students] ([Id], [LastName], [FirstName]) VALUES (177, N'Obasogie', N'Naomi')
INSERT INTO [dbo].[Students] ([Id], [LastName], [FirstName]) VALUES (178, N'Polleunis', N'Jasper')
INSERT INTO [dbo].[Students] ([Id], [LastName], [FirstName]) VALUES (179, N'Randjandiche', N'Lukas')
INSERT INTO [dbo].[Students] ([Id], [LastName], [FirstName]) VALUES (180, N'Rentmeesters', N'Remy')
INSERT INTO [dbo].[Students] ([Id], [LastName], [FirstName]) VALUES (181, N'Reviers', N'Tibe')
INSERT INTO [dbo].[Students] ([Id], [LastName], [FirstName]) VALUES (182, N'Roukaerts', N'Hendrik')
INSERT INTO [dbo].[Students] ([Id], [LastName], [FirstName]) VALUES (183, N'Sharma', N'Mazie')
INSERT INTO [dbo].[Students] ([Id], [LastName], [FirstName]) VALUES (184, N'Soille', N'Hughwan')
INSERT INTO [dbo].[Students] ([Id], [LastName], [FirstName]) VALUES (185, N'Spoormakers', N'Seppe')
INSERT INTO [dbo].[Students] ([Id], [LastName], [FirstName]) VALUES (186, N'Turley', N'Conor')
INSERT INTO [dbo].[Students] ([Id], [LastName], [FirstName]) VALUES (187, N'Van Den Broucke', N'Lise')
INSERT INTO [dbo].[Students] ([Id], [LastName], [FirstName]) VALUES (188, N'Vanderheyden', N'Nando')
INSERT INTO [dbo].[Students] ([Id], [LastName], [FirstName]) VALUES (189, N'Van Nes', N'Jan')
INSERT INTO [dbo].[Students] ([Id], [LastName], [FirstName]) VALUES (190, N'Vanwezer', N'Xavi')
INSERT INTO [dbo].[Students] ([Id], [LastName], [FirstName]) VALUES (191, N'Buyle', N'Céleste')
INSERT INTO [dbo].[Students] ([Id], [LastName], [FirstName]) VALUES (192, N'Carl', N'Nicola')
INSERT INTO [dbo].[Students] ([Id], [LastName], [FirstName]) VALUES (193, N'Deceuninck', N'Toon')
INSERT INTO [dbo].[Students] ([Id], [LastName], [FirstName]) VALUES (194, N'De Lepeleire', N'Juline')
INSERT INTO [dbo].[Students] ([Id], [LastName], [FirstName]) VALUES (195, N'De Naeyer', N'Nele')
INSERT INTO [dbo].[Students] ([Id], [LastName], [FirstName]) VALUES (196, N'Dondeyne', N'Jelena')
INSERT INTO [dbo].[Students] ([Id], [LastName], [FirstName]) VALUES (197, N'Goris', N'Johanna')
INSERT INTO [dbo].[Students] ([Id], [LastName], [FirstName]) VALUES (198, N'Hegemann', N'Kasper')
INSERT INTO [dbo].[Students] ([Id], [LastName], [FirstName]) VALUES (199, N'Hons', N'Laurens')
INSERT INTO [dbo].[Students] ([Id], [LastName], [FirstName]) VALUES (200, N'Kumar', N'Kalidas')
INSERT INTO [dbo].[Students] ([Id], [LastName], [FirstName]) VALUES (201, N'Lapinski', N'Dawid')
INSERT INTO [dbo].[Students] ([Id], [LastName], [FirstName]) VALUES (202, N'Leemans', N'Valentin')
INSERT INTO [dbo].[Students] ([Id], [LastName], [FirstName]) VALUES (203, N'Maes', N'Jonas')
INSERT INTO [dbo].[Students] ([Id], [LastName], [FirstName]) VALUES (204, N'Matterne', N'Nina')
INSERT INTO [dbo].[Students] ([Id], [LastName], [FirstName]) VALUES (205, N'Michiels', N'Boris')
INSERT INTO [dbo].[Students] ([Id], [LastName], [FirstName]) VALUES (206, N'Teuwen', N'Hannes')
INSERT INTO [dbo].[Students] ([Id], [LastName], [FirstName]) VALUES (207, N'Van Genechten', N'Yentl')
INSERT INTO [dbo].[Students] ([Id], [LastName], [FirstName]) VALUES (208, N'von Winckelmann', N'Noor')
INSERT INTO [dbo].[Students] ([Id], [LastName], [FirstName]) VALUES (209, N'Wijnmaalen', N'Ellen')
INSERT INTO [dbo].[Students] ([Id], [LastName], [FirstName]) VALUES (210, N'Van Driessche', N'Casper')
INSERT INTO [dbo].[Students] ([Id], [LastName], [FirstName]) VALUES (211, N'Van Driessche', N'Elina')
SET IDENTITY_INSERT [dbo].[Students] OFF

-- StudentInClasses
SET IDENTITY_INSERT [dbo].[StudentInClasses] ON
INSERT INTO [dbo].[StudentInClasses] ([Id], [Year], [StudentId], [ClassId]) VALUES (1, 2011, 1, 1)
INSERT INTO [dbo].[StudentInClasses] ([Id], [Year], [StudentId], [ClassId]) VALUES (2, 2011, 2, 1)
INSERT INTO [dbo].[StudentInClasses] ([Id], [Year], [StudentId], [ClassId]) VALUES (3, 2011, 3, 1)
INSERT INTO [dbo].[StudentInClasses] ([Id], [Year], [StudentId], [ClassId]) VALUES (4, 2011, 4, 1)
INSERT INTO [dbo].[StudentInClasses] ([Id], [Year], [StudentId], [ClassId]) VALUES (5, 2011, 5, 1)
INSERT INTO [dbo].[StudentInClasses] ([Id], [Year], [StudentId], [ClassId]) VALUES (6, 2011, 6, 1)
INSERT INTO [dbo].[StudentInClasses] ([Id], [Year], [StudentId], [ClassId]) VALUES (7, 2011, 7, 1)
INSERT INTO [dbo].[StudentInClasses] ([Id], [Year], [StudentId], [ClassId]) VALUES (8, 2011, 8, 1)
INSERT INTO [dbo].[StudentInClasses] ([Id], [Year], [StudentId], [ClassId]) VALUES (9, 2011, 9, 1)
INSERT INTO [dbo].[StudentInClasses] ([Id], [Year], [StudentId], [ClassId]) VALUES (10, 2011, 10, 1)
INSERT INTO [dbo].[StudentInClasses] ([Id], [Year], [StudentId], [ClassId]) VALUES (11, 2011, 11, 1)
INSERT INTO [dbo].[StudentInClasses] ([Id], [Year], [StudentId], [ClassId]) VALUES (12, 2011, 12, 1)
INSERT INTO [dbo].[StudentInClasses] ([Id], [Year], [StudentId], [ClassId]) VALUES (13, 2011, 13, 1)
INSERT INTO [dbo].[StudentInClasses] ([Id], [Year], [StudentId], [ClassId]) VALUES (14, 2011, 14, 1)
INSERT INTO [dbo].[StudentInClasses] ([Id], [Year], [StudentId], [ClassId]) VALUES (15, 2011, 15, 2)
INSERT INTO [dbo].[StudentInClasses] ([Id], [Year], [StudentId], [ClassId]) VALUES (16, 2011, 16, 2)
INSERT INTO [dbo].[StudentInClasses] ([Id], [Year], [StudentId], [ClassId]) VALUES (17, 2011, 17, 2)
INSERT INTO [dbo].[StudentInClasses] ([Id], [Year], [StudentId], [ClassId]) VALUES (18, 2011, 18, 2)
INSERT INTO [dbo].[StudentInClasses] ([Id], [Year], [StudentId], [ClassId]) VALUES (19, 2011, 19, 2)
INSERT INTO [dbo].[StudentInClasses] ([Id], [Year], [StudentId], [ClassId]) VALUES (20, 2011, 20, 2)
INSERT INTO [dbo].[StudentInClasses] ([Id], [Year], [StudentId], [ClassId]) VALUES (21, 2011, 21, 2)
INSERT INTO [dbo].[StudentInClasses] ([Id], [Year], [StudentId], [ClassId]) VALUES (22, 2011, 22, 2)
INSERT INTO [dbo].[StudentInClasses] ([Id], [Year], [StudentId], [ClassId]) VALUES (23, 2011, 23, 2)
INSERT INTO [dbo].[StudentInClasses] ([Id], [Year], [StudentId], [ClassId]) VALUES (24, 2011, 24, 2)
INSERT INTO [dbo].[StudentInClasses] ([Id], [Year], [StudentId], [ClassId]) VALUES (25, 2011, 25, 2)
INSERT INTO [dbo].[StudentInClasses] ([Id], [Year], [StudentId], [ClassId]) VALUES (26, 2011, 26, 3)
INSERT INTO [dbo].[StudentInClasses] ([Id], [Year], [StudentId], [ClassId]) VALUES (27, 2011, 27, 3)
INSERT INTO [dbo].[StudentInClasses] ([Id], [Year], [StudentId], [ClassId]) VALUES (28, 2011, 28, 3)
INSERT INTO [dbo].[StudentInClasses] ([Id], [Year], [StudentId], [ClassId]) VALUES (29, 2011, 29, 3)
INSERT INTO [dbo].[StudentInClasses] ([Id], [Year], [StudentId], [ClassId]) VALUES (30, 2011, 30, 3)
INSERT INTO [dbo].[StudentInClasses] ([Id], [Year], [StudentId], [ClassId]) VALUES (31, 2011, 31, 3)
INSERT INTO [dbo].[StudentInClasses] ([Id], [Year], [StudentId], [ClassId]) VALUES (32, 2011, 32, 3)
INSERT INTO [dbo].[StudentInClasses] ([Id], [Year], [StudentId], [ClassId]) VALUES (33, 2011, 33, 3)
INSERT INTO [dbo].[StudentInClasses] ([Id], [Year], [StudentId], [ClassId]) VALUES (34, 2011, 34, 3)
INSERT INTO [dbo].[StudentInClasses] ([Id], [Year], [StudentId], [ClassId]) VALUES (35, 2011, 35, 3)
INSERT INTO [dbo].[StudentInClasses] ([Id], [Year], [StudentId], [ClassId]) VALUES (36, 2011, 36, 3)
INSERT INTO [dbo].[StudentInClasses] ([Id], [Year], [StudentId], [ClassId]) VALUES (37, 2011, 37, 3)
INSERT INTO [dbo].[StudentInClasses] ([Id], [Year], [StudentId], [ClassId]) VALUES (38, 2011, 38, 3)
INSERT INTO [dbo].[StudentInClasses] ([Id], [Year], [StudentId], [ClassId]) VALUES (39, 2011, 39, 4)
INSERT INTO [dbo].[StudentInClasses] ([Id], [Year], [StudentId], [ClassId]) VALUES (40, 2011, 40, 4)
INSERT INTO [dbo].[StudentInClasses] ([Id], [Year], [StudentId], [ClassId]) VALUES (41, 2011, 41, 4)
INSERT INTO [dbo].[StudentInClasses] ([Id], [Year], [StudentId], [ClassId]) VALUES (42, 2011, 42, 4)
INSERT INTO [dbo].[StudentInClasses] ([Id], [Year], [StudentId], [ClassId]) VALUES (43, 2011, 43, 4)
INSERT INTO [dbo].[StudentInClasses] ([Id], [Year], [StudentId], [ClassId]) VALUES (44, 2011, 44, 4)
INSERT INTO [dbo].[StudentInClasses] ([Id], [Year], [StudentId], [ClassId]) VALUES (45, 2011, 45, 4)
INSERT INTO [dbo].[StudentInClasses] ([Id], [Year], [StudentId], [ClassId]) VALUES (46, 2011, 46, 4)
INSERT INTO [dbo].[StudentInClasses] ([Id], [Year], [StudentId], [ClassId]) VALUES (47, 2011, 47, 4)
INSERT INTO [dbo].[StudentInClasses] ([Id], [Year], [StudentId], [ClassId]) VALUES (48, 2011, 48, 4)
INSERT INTO [dbo].[StudentInClasses] ([Id], [Year], [StudentId], [ClassId]) VALUES (49, 2011, 49, 4)
INSERT INTO [dbo].[StudentInClasses] ([Id], [Year], [StudentId], [ClassId]) VALUES (50, 2011, 50, 4)
INSERT INTO [dbo].[StudentInClasses] ([Id], [Year], [StudentId], [ClassId]) VALUES (51, 2011, 51, 4)
INSERT INTO [dbo].[StudentInClasses] ([Id], [Year], [StudentId], [ClassId]) VALUES (52, 2011, 52, 4)
INSERT INTO [dbo].[StudentInClasses] ([Id], [Year], [StudentId], [ClassId]) VALUES (53, 2011, 53, 5)
INSERT INTO [dbo].[StudentInClasses] ([Id], [Year], [StudentId], [ClassId]) VALUES (54, 2011, 54, 5)
INSERT INTO [dbo].[StudentInClasses] ([Id], [Year], [StudentId], [ClassId]) VALUES (55, 2011, 55, 5)
INSERT INTO [dbo].[StudentInClasses] ([Id], [Year], [StudentId], [ClassId]) VALUES (56, 2011, 56, 5)
INSERT INTO [dbo].[StudentInClasses] ([Id], [Year], [StudentId], [ClassId]) VALUES (57, 2011, 57, 5)
INSERT INTO [dbo].[StudentInClasses] ([Id], [Year], [StudentId], [ClassId]) VALUES (58, 2011, 58, 5)
INSERT INTO [dbo].[StudentInClasses] ([Id], [Year], [StudentId], [ClassId]) VALUES (59, 2011, 59, 6)
INSERT INTO [dbo].[StudentInClasses] ([Id], [Year], [StudentId], [ClassId]) VALUES (60, 2011, 60, 6)
INSERT INTO [dbo].[StudentInClasses] ([Id], [Year], [StudentId], [ClassId]) VALUES (61, 2011, 61, 6)
INSERT INTO [dbo].[StudentInClasses] ([Id], [Year], [StudentId], [ClassId]) VALUES (62, 2011, 62, 6)
INSERT INTO [dbo].[StudentInClasses] ([Id], [Year], [StudentId], [ClassId]) VALUES (63, 2011, 63, 6)
INSERT INTO [dbo].[StudentInClasses] ([Id], [Year], [StudentId], [ClassId]) VALUES (64, 2011, 64, 6)
INSERT INTO [dbo].[StudentInClasses] ([Id], [Year], [StudentId], [ClassId]) VALUES (65, 2011, 65, 6)
INSERT INTO [dbo].[StudentInClasses] ([Id], [Year], [StudentId], [ClassId]) VALUES (66, 2011, 66, 6)
INSERT INTO [dbo].[StudentInClasses] ([Id], [Year], [StudentId], [ClassId]) VALUES (67, 2011, 67, 6)
INSERT INTO [dbo].[StudentInClasses] ([Id], [Year], [StudentId], [ClassId]) VALUES (68, 2011, 68, 6)
INSERT INTO [dbo].[StudentInClasses] ([Id], [Year], [StudentId], [ClassId]) VALUES (69, 2011, 69, 7)
INSERT INTO [dbo].[StudentInClasses] ([Id], [Year], [StudentId], [ClassId]) VALUES (70, 2011, 70, 7)
INSERT INTO [dbo].[StudentInClasses] ([Id], [Year], [StudentId], [ClassId]) VALUES (71, 2011, 71, 7)
INSERT INTO [dbo].[StudentInClasses] ([Id], [Year], [StudentId], [ClassId]) VALUES (72, 2011, 72, 7)
INSERT INTO [dbo].[StudentInClasses] ([Id], [Year], [StudentId], [ClassId]) VALUES (73, 2011, 73, 7)
INSERT INTO [dbo].[StudentInClasses] ([Id], [Year], [StudentId], [ClassId]) VALUES (74, 2011, 74, 7)
INSERT INTO [dbo].[StudentInClasses] ([Id], [Year], [StudentId], [ClassId]) VALUES (75, 2011, 75, 7)
INSERT INTO [dbo].[StudentInClasses] ([Id], [Year], [StudentId], [ClassId]) VALUES (76, 2011, 76, 7)
INSERT INTO [dbo].[StudentInClasses] ([Id], [Year], [StudentId], [ClassId]) VALUES (77, 2011, 77, 7)
INSERT INTO [dbo].[StudentInClasses] ([Id], [Year], [StudentId], [ClassId]) VALUES (78, 2011, 78, 7)
INSERT INTO [dbo].[StudentInClasses] ([Id], [Year], [StudentId], [ClassId]) VALUES (79, 2011, 79, 7)
INSERT INTO [dbo].[StudentInClasses] ([Id], [Year], [StudentId], [ClassId]) VALUES (80, 2011, 80, 7)
INSERT INTO [dbo].[StudentInClasses] ([Id], [Year], [StudentId], [ClassId]) VALUES (81, 2011, 81, 7)
INSERT INTO [dbo].[StudentInClasses] ([Id], [Year], [StudentId], [ClassId]) VALUES (82, 2011, 82, 7)
INSERT INTO [dbo].[StudentInClasses] ([Id], [Year], [StudentId], [ClassId]) VALUES (83, 2011, 83, 7)
INSERT INTO [dbo].[StudentInClasses] ([Id], [Year], [StudentId], [ClassId]) VALUES (84, 2011, 84, 7)
INSERT INTO [dbo].[StudentInClasses] ([Id], [Year], [StudentId], [ClassId]) VALUES (85, 2011, 85, 7)
INSERT INTO [dbo].[StudentInClasses] ([Id], [Year], [StudentId], [ClassId]) VALUES (86, 2011, 86, 7)
INSERT INTO [dbo].[StudentInClasses] ([Id], [Year], [StudentId], [ClassId]) VALUES (87, 2011, 87, 7)
INSERT INTO [dbo].[StudentInClasses] ([Id], [Year], [StudentId], [ClassId]) VALUES (88, 2011, 88, 7)
INSERT INTO [dbo].[StudentInClasses] ([Id], [Year], [StudentId], [ClassId]) VALUES (89, 2011, 89, 7)
INSERT INTO [dbo].[StudentInClasses] ([Id], [Year], [StudentId], [ClassId]) VALUES (90, 2011, 90, 7)
INSERT INTO [dbo].[StudentInClasses] ([Id], [Year], [StudentId], [ClassId]) VALUES (91, 2011, 91, 7)
INSERT INTO [dbo].[StudentInClasses] ([Id], [Year], [StudentId], [ClassId]) VALUES (92, 2011, 92, 7)
INSERT INTO [dbo].[StudentInClasses] ([Id], [Year], [StudentId], [ClassId]) VALUES (93, 2011, 93, 7)
INSERT INTO [dbo].[StudentInClasses] ([Id], [Year], [StudentId], [ClassId]) VALUES (94, 2011, 94, 8)
INSERT INTO [dbo].[StudentInClasses] ([Id], [Year], [StudentId], [ClassId]) VALUES (95, 2011, 95, 8)
INSERT INTO [dbo].[StudentInClasses] ([Id], [Year], [StudentId], [ClassId]) VALUES (96, 2011, 96, 8)
INSERT INTO [dbo].[StudentInClasses] ([Id], [Year], [StudentId], [ClassId]) VALUES (97, 2011, 97, 8)
INSERT INTO [dbo].[StudentInClasses] ([Id], [Year], [StudentId], [ClassId]) VALUES (98, 2011, 98, 8)
INSERT INTO [dbo].[StudentInClasses] ([Id], [Year], [StudentId], [ClassId]) VALUES (99, 2011, 99, 8)
INSERT INTO [dbo].[StudentInClasses] ([Id], [Year], [StudentId], [ClassId]) VALUES (100, 2011, 100, 8)
INSERT INTO [dbo].[StudentInClasses] ([Id], [Year], [StudentId], [ClassId]) VALUES (101, 2011, 101, 8)
INSERT INTO [dbo].[StudentInClasses] ([Id], [Year], [StudentId], [ClassId]) VALUES (102, 2011, 102, 8)
INSERT INTO [dbo].[StudentInClasses] ([Id], [Year], [StudentId], [ClassId]) VALUES (103, 2011, 103, 8)
INSERT INTO [dbo].[StudentInClasses] ([Id], [Year], [StudentId], [ClassId]) VALUES (104, 2011, 104, 8)
INSERT INTO [dbo].[StudentInClasses] ([Id], [Year], [StudentId], [ClassId]) VALUES (105, 2011, 105, 8)
INSERT INTO [dbo].[StudentInClasses] ([Id], [Year], [StudentId], [ClassId]) VALUES (106, 2011, 106, 8)
INSERT INTO [dbo].[StudentInClasses] ([Id], [Year], [StudentId], [ClassId]) VALUES (107, 2011, 107, 8)
INSERT INTO [dbo].[StudentInClasses] ([Id], [Year], [StudentId], [ClassId]) VALUES (108, 2011, 108, 8)
INSERT INTO [dbo].[StudentInClasses] ([Id], [Year], [StudentId], [ClassId]) VALUES (109, 2011, 109, 8)
INSERT INTO [dbo].[StudentInClasses] ([Id], [Year], [StudentId], [ClassId]) VALUES (110, 2011, 110, 8)
INSERT INTO [dbo].[StudentInClasses] ([Id], [Year], [StudentId], [ClassId]) VALUES (111, 2011, 111, 8)
INSERT INTO [dbo].[StudentInClasses] ([Id], [Year], [StudentId], [ClassId]) VALUES (112, 2011, 112, 8)
INSERT INTO [dbo].[StudentInClasses] ([Id], [Year], [StudentId], [ClassId]) VALUES (113, 2011, 113, 8)
INSERT INTO [dbo].[StudentInClasses] ([Id], [Year], [StudentId], [ClassId]) VALUES (114, 2011, 114, 8)
INSERT INTO [dbo].[StudentInClasses] ([Id], [Year], [StudentId], [ClassId]) VALUES (115, 2011, 115, 8)
INSERT INTO [dbo].[StudentInClasses] ([Id], [Year], [StudentId], [ClassId]) VALUES (116, 2011, 116, 8)
INSERT INTO [dbo].[StudentInClasses] ([Id], [Year], [StudentId], [ClassId]) VALUES (117, 2011, 117, 8)
INSERT INTO [dbo].[StudentInClasses] ([Id], [Year], [StudentId], [ClassId]) VALUES (118, 2011, 118, 8)
INSERT INTO [dbo].[StudentInClasses] ([Id], [Year], [StudentId], [ClassId]) VALUES (119, 2011, 119, 8)
INSERT INTO [dbo].[StudentInClasses] ([Id], [Year], [StudentId], [ClassId]) VALUES (120, 2011, 120, 9)
INSERT INTO [dbo].[StudentInClasses] ([Id], [Year], [StudentId], [ClassId]) VALUES (121, 2011, 121, 9)
INSERT INTO [dbo].[StudentInClasses] ([Id], [Year], [StudentId], [ClassId]) VALUES (122, 2011, 122, 9)
INSERT INTO [dbo].[StudentInClasses] ([Id], [Year], [StudentId], [ClassId]) VALUES (123, 2011, 123, 9)
INSERT INTO [dbo].[StudentInClasses] ([Id], [Year], [StudentId], [ClassId]) VALUES (124, 2011, 124, 9)
INSERT INTO [dbo].[StudentInClasses] ([Id], [Year], [StudentId], [ClassId]) VALUES (125, 2011, 125, 9)
INSERT INTO [dbo].[StudentInClasses] ([Id], [Year], [StudentId], [ClassId]) VALUES (126, 2011, 126, 9)
INSERT INTO [dbo].[StudentInClasses] ([Id], [Year], [StudentId], [ClassId]) VALUES (127, 2011, 127, 9)
INSERT INTO [dbo].[StudentInClasses] ([Id], [Year], [StudentId], [ClassId]) VALUES (128, 2011, 128, 9)
INSERT INTO [dbo].[StudentInClasses] ([Id], [Year], [StudentId], [ClassId]) VALUES (129, 2011, 129, 9)
INSERT INTO [dbo].[StudentInClasses] ([Id], [Year], [StudentId], [ClassId]) VALUES (130, 2011, 130, 9)
INSERT INTO [dbo].[StudentInClasses] ([Id], [Year], [StudentId], [ClassId]) VALUES (131, 2011, 131, 9)
INSERT INTO [dbo].[StudentInClasses] ([Id], [Year], [StudentId], [ClassId]) VALUES (132, 2011, 132, 9)
INSERT INTO [dbo].[StudentInClasses] ([Id], [Year], [StudentId], [ClassId]) VALUES (133, 2011, 133, 9)
INSERT INTO [dbo].[StudentInClasses] ([Id], [Year], [StudentId], [ClassId]) VALUES (134, 2011, 134, 9)
INSERT INTO [dbo].[StudentInClasses] ([Id], [Year], [StudentId], [ClassId]) VALUES (135, 2011, 135, 9)
INSERT INTO [dbo].[StudentInClasses] ([Id], [Year], [StudentId], [ClassId]) VALUES (136, 2011, 136, 9)
INSERT INTO [dbo].[StudentInClasses] ([Id], [Year], [StudentId], [ClassId]) VALUES (137, 2011, 137, 9)
INSERT INTO [dbo].[StudentInClasses] ([Id], [Year], [StudentId], [ClassId]) VALUES (138, 2011, 138, 9)
INSERT INTO [dbo].[StudentInClasses] ([Id], [Year], [StudentId], [ClassId]) VALUES (139, 2011, 139, 10)
INSERT INTO [dbo].[StudentInClasses] ([Id], [Year], [StudentId], [ClassId]) VALUES (140, 2011, 140, 10)
INSERT INTO [dbo].[StudentInClasses] ([Id], [Year], [StudentId], [ClassId]) VALUES (141, 2011, 141, 10)
INSERT INTO [dbo].[StudentInClasses] ([Id], [Year], [StudentId], [ClassId]) VALUES (142, 2011, 142, 10)
INSERT INTO [dbo].[StudentInClasses] ([Id], [Year], [StudentId], [ClassId]) VALUES (143, 2011, 143, 10)
INSERT INTO [dbo].[StudentInClasses] ([Id], [Year], [StudentId], [ClassId]) VALUES (144, 2011, 144, 10)
INSERT INTO [dbo].[StudentInClasses] ([Id], [Year], [StudentId], [ClassId]) VALUES (145, 2011, 145, 10)
INSERT INTO [dbo].[StudentInClasses] ([Id], [Year], [StudentId], [ClassId]) VALUES (146, 2011, 146, 10)
INSERT INTO [dbo].[StudentInClasses] ([Id], [Year], [StudentId], [ClassId]) VALUES (147, 2011, 147, 10)
INSERT INTO [dbo].[StudentInClasses] ([Id], [Year], [StudentId], [ClassId]) VALUES (148, 2011, 148, 10)
INSERT INTO [dbo].[StudentInClasses] ([Id], [Year], [StudentId], [ClassId]) VALUES (149, 2011, 149, 10)
INSERT INTO [dbo].[StudentInClasses] ([Id], [Year], [StudentId], [ClassId]) VALUES (150, 2011, 150, 10)
INSERT INTO [dbo].[StudentInClasses] ([Id], [Year], [StudentId], [ClassId]) VALUES (151, 2011, 151, 10)
INSERT INTO [dbo].[StudentInClasses] ([Id], [Year], [StudentId], [ClassId]) VALUES (152, 2011, 152, 10)
INSERT INTO [dbo].[StudentInClasses] ([Id], [Year], [StudentId], [ClassId]) VALUES (153, 2011, 153, 10)
INSERT INTO [dbo].[StudentInClasses] ([Id], [Year], [StudentId], [ClassId]) VALUES (154, 2011, 154, 10)
INSERT INTO [dbo].[StudentInClasses] ([Id], [Year], [StudentId], [ClassId]) VALUES (155, 2011, 155, 10)
INSERT INTO [dbo].[StudentInClasses] ([Id], [Year], [StudentId], [ClassId]) VALUES (156, 2011, 156, 10)
INSERT INTO [dbo].[StudentInClasses] ([Id], [Year], [StudentId], [ClassId]) VALUES (157, 2011, 157, 10)
INSERT INTO [dbo].[StudentInClasses] ([Id], [Year], [StudentId], [ClassId]) VALUES (158, 2011, 158, 10)
INSERT INTO [dbo].[StudentInClasses] ([Id], [Year], [StudentId], [ClassId]) VALUES (159, 2011, 159, 10)
INSERT INTO [dbo].[StudentInClasses] ([Id], [Year], [StudentId], [ClassId]) VALUES (160, 2011, 160, 10)
INSERT INTO [dbo].[StudentInClasses] ([Id], [Year], [StudentId], [ClassId]) VALUES (161, 2011, 161, 10)
INSERT INTO [dbo].[StudentInClasses] ([Id], [Year], [StudentId], [ClassId]) VALUES (162, 2011, 162, 10)
INSERT INTO [dbo].[StudentInClasses] ([Id], [Year], [StudentId], [ClassId]) VALUES (163, 2011, 163, 10)
INSERT INTO [dbo].[StudentInClasses] ([Id], [Year], [StudentId], [ClassId]) VALUES (164, 2011, 164, 10)
INSERT INTO [dbo].[StudentInClasses] ([Id], [Year], [StudentId], [ClassId]) VALUES (165, 2011, 165, 11)
INSERT INTO [dbo].[StudentInClasses] ([Id], [Year], [StudentId], [ClassId]) VALUES (166, 2011, 166, 11)
INSERT INTO [dbo].[StudentInClasses] ([Id], [Year], [StudentId], [ClassId]) VALUES (167, 2011, 167, 11)
INSERT INTO [dbo].[StudentInClasses] ([Id], [Year], [StudentId], [ClassId]) VALUES (168, 2011, 168, 11)
INSERT INTO [dbo].[StudentInClasses] ([Id], [Year], [StudentId], [ClassId]) VALUES (169, 2011, 169, 11)
INSERT INTO [dbo].[StudentInClasses] ([Id], [Year], [StudentId], [ClassId]) VALUES (170, 2011, 170, 11)
INSERT INTO [dbo].[StudentInClasses] ([Id], [Year], [StudentId], [ClassId]) VALUES (171, 2011, 171, 11)
INSERT INTO [dbo].[StudentInClasses] ([Id], [Year], [StudentId], [ClassId]) VALUES (172, 2011, 172, 11)
INSERT INTO [dbo].[StudentInClasses] ([Id], [Year], [StudentId], [ClassId]) VALUES (173, 2011, 173, 11)
INSERT INTO [dbo].[StudentInClasses] ([Id], [Year], [StudentId], [ClassId]) VALUES (174, 2011, 174, 11)
INSERT INTO [dbo].[StudentInClasses] ([Id], [Year], [StudentId], [ClassId]) VALUES (175, 2011, 175, 11)
INSERT INTO [dbo].[StudentInClasses] ([Id], [Year], [StudentId], [ClassId]) VALUES (176, 2011, 176, 11)
INSERT INTO [dbo].[StudentInClasses] ([Id], [Year], [StudentId], [ClassId]) VALUES (177, 2011, 177, 11)
INSERT INTO [dbo].[StudentInClasses] ([Id], [Year], [StudentId], [ClassId]) VALUES (178, 2011, 178, 11)
INSERT INTO [dbo].[StudentInClasses] ([Id], [Year], [StudentId], [ClassId]) VALUES (179, 2011, 179, 11)
INSERT INTO [dbo].[StudentInClasses] ([Id], [Year], [StudentId], [ClassId]) VALUES (180, 2011, 180, 11)
INSERT INTO [dbo].[StudentInClasses] ([Id], [Year], [StudentId], [ClassId]) VALUES (181, 2011, 181, 11)
INSERT INTO [dbo].[StudentInClasses] ([Id], [Year], [StudentId], [ClassId]) VALUES (182, 2011, 182, 11)
INSERT INTO [dbo].[StudentInClasses] ([Id], [Year], [StudentId], [ClassId]) VALUES (183, 2011, 183, 11)
INSERT INTO [dbo].[StudentInClasses] ([Id], [Year], [StudentId], [ClassId]) VALUES (184, 2011, 184, 11)
INSERT INTO [dbo].[StudentInClasses] ([Id], [Year], [StudentId], [ClassId]) VALUES (185, 2011, 185, 11)
INSERT INTO [dbo].[StudentInClasses] ([Id], [Year], [StudentId], [ClassId]) VALUES (186, 2011, 186, 11)
INSERT INTO [dbo].[StudentInClasses] ([Id], [Year], [StudentId], [ClassId]) VALUES (187, 2011, 187, 11)
INSERT INTO [dbo].[StudentInClasses] ([Id], [Year], [StudentId], [ClassId]) VALUES (188, 2011, 188, 11)
INSERT INTO [dbo].[StudentInClasses] ([Id], [Year], [StudentId], [ClassId]) VALUES (189, 2011, 189, 11)
INSERT INTO [dbo].[StudentInClasses] ([Id], [Year], [StudentId], [ClassId]) VALUES (190, 2011, 190, 11)
INSERT INTO [dbo].[StudentInClasses] ([Id], [Year], [StudentId], [ClassId]) VALUES (191, 2011, 191, 12)
INSERT INTO [dbo].[StudentInClasses] ([Id], [Year], [StudentId], [ClassId]) VALUES (192, 2011, 192, 12)
INSERT INTO [dbo].[StudentInClasses] ([Id], [Year], [StudentId], [ClassId]) VALUES (193, 2011, 193, 12)
INSERT INTO [dbo].[StudentInClasses] ([Id], [Year], [StudentId], [ClassId]) VALUES (194, 2011, 194, 12)
INSERT INTO [dbo].[StudentInClasses] ([Id], [Year], [StudentId], [ClassId]) VALUES (195, 2011, 195, 12)
INSERT INTO [dbo].[StudentInClasses] ([Id], [Year], [StudentId], [ClassId]) VALUES (196, 2011, 196, 12)
INSERT INTO [dbo].[StudentInClasses] ([Id], [Year], [StudentId], [ClassId]) VALUES (197, 2011, 197, 12)
INSERT INTO [dbo].[StudentInClasses] ([Id], [Year], [StudentId], [ClassId]) VALUES (198, 2011, 198, 12)
INSERT INTO [dbo].[StudentInClasses] ([Id], [Year], [StudentId], [ClassId]) VALUES (199, 2011, 199, 12)
INSERT INTO [dbo].[StudentInClasses] ([Id], [Year], [StudentId], [ClassId]) VALUES (200, 2011, 200, 12)
INSERT INTO [dbo].[StudentInClasses] ([Id], [Year], [StudentId], [ClassId]) VALUES (201, 2011, 201, 12)
INSERT INTO [dbo].[StudentInClasses] ([Id], [Year], [StudentId], [ClassId]) VALUES (202, 2011, 202, 12)
INSERT INTO [dbo].[StudentInClasses] ([Id], [Year], [StudentId], [ClassId]) VALUES (203, 2011, 203, 12)
INSERT INTO [dbo].[StudentInClasses] ([Id], [Year], [StudentId], [ClassId]) VALUES (204, 2011, 204, 12)
INSERT INTO [dbo].[StudentInClasses] ([Id], [Year], [StudentId], [ClassId]) VALUES (205, 2011, 205, 12)
INSERT INTO [dbo].[StudentInClasses] ([Id], [Year], [StudentId], [ClassId]) VALUES (206, 2011, 206, 12)
INSERT INTO [dbo].[StudentInClasses] ([Id], [Year], [StudentId], [ClassId]) VALUES (207, 2011, 207, 12)
INSERT INTO [dbo].[StudentInClasses] ([Id], [Year], [StudentId], [ClassId]) VALUES (208, 2011, 208, 12)
INSERT INTO [dbo].[StudentInClasses] ([Id], [Year], [StudentId], [ClassId]) VALUES (209, 2011, 209, 12)
INSERT INTO [dbo].[StudentInClasses] ([Id], [Year], [StudentId], [ClassId]) VALUES (210, 2011, 210, 2)
INSERT INTO [dbo].[StudentInClasses] ([Id], [Year], [StudentId], [ClassId]) VALUES (211, 2011, 211, 4)
SET IDENTITY_INSERT [dbo].[StudentInClasses] OFF
